<manifest alg="2" build="2017.0.0.363" opt="false" iceEnabled="true" iceMarkupVersion="2" iceEnabledOptions="link,responsive,cachebuster" exportTarget="other" domain="www.settlemetal.com" resolutions="1x" timestamp="1487009291945">
  <folder name="css">
    <file name="site_global.css" crc="3802470722"/>
    <file name="master_a-master.css" crc="507775511" ref="how-it-work:invoice:index:tablet-repair:camera-repair:estimate:mobile-repair:laptop-repair:template"/>
    <file name="nomq_preview_master_a-master.css" crc="3990607122" ref="how-it-work:invoice:index:tablet-repair:camera-repair:estimate:mobile-repair:laptop-repair:template"/>
    <file name="how-it-work.css" crc="475131212" ref="how-it-work"/>
    <file name="nomq_how-it-work.css" crc="214933659" ref="how-it-work"/>
    <file name="iefonts_how-it-work.css" crc="79355346" ref="how-it-work"/>
    <file name="invoice.css" crc="3968717215" ref="invoice"/>
    <file name="nomq_invoice.css" crc="529220119" ref="invoice"/>
    <file name="iefonts_invoice.css" crc="79355346" ref="invoice"/>
    <file name="admin.css" crc="405861628" ref="admin"/>
    <file name="nomq_admin.css" crc="374455459" ref="admin"/>
    <file name="index.css" crc="329295408" ref="index"/>
    <file name="nomq_index.css" crc="206161291" ref="index"/>
    <file name="iefonts_index.css" crc="79355346" ref="index"/>
    <file name="tablet-repair.css" crc="4008709893" ref="tablet-repair"/>
    <file name="nomq_tablet-repair.css" crc="489192517" ref="tablet-repair"/>
    <file name="iefonts_tablet-repair.css" crc="79355346" ref="tablet-repair"/>
    <file name="camera-repair.css" crc="183954763" ref="camera-repair"/>
    <file name="nomq_camera-repair.css" crc="221041407" ref="camera-repair"/>
    <file name="iefonts_camera-repair.css" crc="79355346" ref="camera-repair"/>
    <file name="estimate.css" crc="187437485" ref="estimate"/>
    <file name="nomq_estimate.css" crc="508273135" ref="estimate"/>
    <file name="iefonts_estimate.css" crc="79355346" ref="estimate"/>
    <file name="mobile-repair.css" crc="3765758970" ref="mobile-repair"/>
    <file name="nomq_mobile-repair.css" crc="4159594442" ref="mobile-repair"/>
    <file name="iefonts_mobile-repair.css" crc="79355346" ref="mobile-repair"/>
    <file name="laptop-repair.css" crc="4216279852" ref="laptop-repair"/>
    <file name="nomq_laptop-repair.css" crc="3857130086" ref="laptop-repair"/>
    <file name="iefonts_laptop-repair.css" crc="79355346" ref="laptop-repair"/>
    <file name="template.css" crc="314619170" ref="template"/>
    <file name="nomq_template.css" crc="4163702831" ref="template"/>
    <file name="iefonts_template.css" crc="79355346" ref="template"/>
  </folder>
  <folder name="scripts">
    <file name="jquery-1.8.3.min.js" crc="209076791" ref="index:how-it-work:mobile-repair:tablet-repair:laptop-repair:camera-repair:estimate:invoice:admin:template"/>
    <file name="museutils.js" crc="163421577" ref="index:how-it-work:mobile-repair:tablet-repair:laptop-repair:camera-repair:estimate:invoice:admin:template"/>
    <file name="whatinput.js" crc="86476730" ref="index:how-it-work:mobile-repair:tablet-repair:laptop-repair:camera-repair:estimate:invoice:admin:template"/>
    <file name="museconfig.js" crc="168988563" ref="index:how-it-work:mobile-repair:tablet-repair:laptop-repair:camera-repair:estimate:invoice:admin:template"/>
    <file name="jquery.watch.js" crc="104486786" ref="index:how-it-work:mobile-repair:tablet-repair:laptop-repair:camera-repair:estimate:invoice:admin:template"/>
    <file name="jquery.musepolyfill.bgsize.js" crc="379354253" ref="index:how-it-work:mobile-repair:tablet-repair:laptop-repair:camera-repair:invoice"/>
    <file name="webpro.js" crc="3848665353" ref="index:how-it-work:mobile-repair:tablet-repair:laptop-repair:camera-repair:estimate:invoice:admin:template"/>
    <file name="musewpdisclosure.js" crc="4275188064" ref="index:how-it-work:mobile-repair:tablet-repair:laptop-repair:camera-repair:estimate:invoice:admin:template"/>
    <file name="jquery.museresponsive.js" crc="4146931122" ref="index:how-it-work:mobile-repair:tablet-repair:laptop-repair:camera-repair:estimate:invoice:admin:template"/>
    <file name="require.js" crc="244322403" ref="index:how-it-work:mobile-repair:tablet-repair:laptop-repair:camera-repair:estimate:invoice:admin:template"/>
  </folder>
  <folder name="images">
    <file name="compress_logo3.png" crc="3923570232" seo="true" ref="index:how-it-work:mobile-repair:tablet-repair:laptop-repair:camera-repair:estimate:invoice:template"/>
    <file name="u201-4.png" crc="3786348439" ref="index"/>
    <file name="blank.gif" crc="4208392903" ref="index:how-it-work:mobile-repair:tablet-repair:laptop-repair:camera-repair:estimate:invoice:admin:template"/>
    <file name="mobile.png" crc="456838963" seo="true" ref="index"/>
    <file name="tablat.png" crc="515013814" seo="true" ref="index"/>
    <file name="laptop.png" crc="4187721194" seo="true" ref="index"/>
    <file name="camera.png" crc="484975444" seo="true" ref="index"/>
    <file name="u313-4.png" crc="128793166" ref="index"/>
    <file name="swimming-crop-u316.png" crc="4171383108" ref="index"/>
    <file name="cloud_rain.png" crc="4093531517" seo="true" ref="index"/>
    <file name="toilet.png" crc="510423147" seo="true" ref="index"/>
    <file name="ambulance.png" crc="3871940499" seo="true" ref="index"/>
    <file name="authentication.png" crc="3971578605" seo="true" ref="index"/>
    <file name="support_time.png" crc="242345324" seo="true" ref="index"/>
    <file name="price_tag.png" crc="209193393" seo="true" ref="index"/>
    <file name="delivery_truck.png" crc="55537708" seo="true" ref="index"/>
    <file name="warrenty card.png" crc="3794743768" seo="true" ref="index"/>
    <file name="web-crop-u303.jpg" crc="148422436" ref="index"/>
    <file name="phone.png" crc="4106291881" seo="true" ref="index"/>
    <file name="u1358-10.png" crc="4017576775" ref="index"/>
    <file name="u2822.png" crc="12397865" ref="index"/>
    <file name="u2822-r.png" crc="4105803385" ref="index"/>
    <file name="u2822-m.png" crc="3775149641" ref="index"/>
    <file name="compress_logo32.png" crc="4204280993" ref="index:invoice"/>
    <file name="u201-42.png" crc="3965631335" ref="index"/>
    <file name="u313-42.png" crc="3779336280" ref="index"/>
    <file name="swimming-crop-u3162.png" crc="34427275" ref="index"/>
    <file name="cloud_rain-crop-u326.png" crc="4184571422" ref="index"/>
    <file name="toilet-crop-u336.png" crc="162490690" ref="index"/>
    <file name="ambulance-crop-u346.png" crc="4252568483" ref="index"/>
    <file name="authentication-crop-u396.png" crc="3774415815" ref="index"/>
    <file name="support_time-crop-u410.png" crc="230301169" ref="index"/>
    <file name="price_tag-crop-u443.png" crc="174548520" ref="index"/>
    <file name="delivery_truck-crop-u496.png" crc="273476175" ref="index"/>
    <file name="warrenty card-crop-u485.png" crc="4037576788" ref="index"/>
    <file name="web-crop-u3032.jpg" crc="4085103565" ref="index"/>
    <file name="phone280x481.png" crc="125402210" seo="true" ref="index"/>
    <file name="u1358-102.png" crc="510726519" ref="index"/>
    <file name="u28222.png" crc="4240547748" ref="index"/>
    <file name="u2822-r2.png" crc="4282566584" ref="index"/>
    <file name="u2822-m2.png" crc="4118580981" ref="index"/>
    <file name="u201-43.png" crc="3774777979" ref="index"/>
    <file name="u313-43.png" crc="3839556011" ref="index"/>
    <file name="swimming-crop-u3163.png" crc="3837669987" ref="index"/>
    <file name="cloud_rain-crop-u3262.png" crc="4048632964" ref="index"/>
    <file name="toilet-crop-u3362.png" crc="4229695905" ref="index"/>
    <file name="ambulance-crop-u3462.png" crc="432519827" ref="index"/>
    <file name="web-crop-u3033.jpg" crc="3900633586" ref="index"/>
    <file name="support_time-crop-u4102.png" crc="331040712" ref="index"/>
    <file name="authentication-crop-u3962.png" crc="4259239099" ref="index"/>
    <file name="price_tag-crop-u4432.png" crc="61040603" ref="index"/>
    <file name="delivery_truck-crop-u4962.png" crc="4022404098" ref="index"/>
    <file name="warrenty card-crop-u4852.png" crc="93682099" ref="index"/>
    <file name="phone186x319.png" crc="4242532584" seo="true" ref="index"/>
    <file name="u1358-103.png" crc="4015974294" ref="index"/>
    <file name="u28223.png" crc="356383924" ref="index"/>
    <file name="u2822-r3.png" crc="254955483" ref="index"/>
    <file name="u2822-m3.png" crc="239228826" ref="index"/>
    <file name="u6045-7.png" crc="530053573" ref="how-it-work"/>
    <file name="phone-u6055-fr.png" crc="230098851" ref="how-it-work"/>
    <file name="devices-u6107.png" crc="305180208" ref="how-it-work"/>
    <file name="location-u6121.png" crc="4062011597" ref="how-it-work"/>
    <file name="repair-u6137.png" crc="3809823576" ref="how-it-work"/>
    <file name="shopping-cart-11-u6156.png" crc="3787099860" ref="how-it-work"/>
    <file name="u6045-72.png" crc="282741622" ref="how-it-work"/>
    <file name="phone-u6055-fr2.png" crc="3933270834" ref="how-it-work"/>
    <file name="devices-u61072.png" crc="3781363130" ref="how-it-work"/>
    <file name="location-u61212.png" crc="3849350392" ref="how-it-work"/>
    <file name="repair-u61372.png" crc="4045169206" ref="how-it-work"/>
    <file name="shopping-cart-11-u61562.png" crc="4125052558" ref="how-it-work"/>
    <file name="u6045-73.png" crc="38517354" ref="how-it-work"/>
    <file name="phone-u6055-fr3.png" crc="495232438" ref="how-it-work"/>
    <file name="devices-u61073.png" crc="24819581" ref="how-it-work"/>
    <file name="location-u61213.png" crc="4135228834" ref="how-it-work"/>
    <file name="repair-u61373.png" crc="4008330126" ref="how-it-work"/>
    <file name="shopping-cart-11-u61563.png" crc="4025450322" ref="how-it-work"/>
    <file name="phone2.png" crc="4251343238" ref="mobile-repair"/>
    <file name="phone-u7476-fr.png" crc="4192984695" ref="mobile-repair"/>
    <file name="tablet2.png" crc="207913237" ref="tablet-repair"/>
    <file name="laptop1.png" crc="307921809" ref="laptop-repair"/>
    <file name="laptop1-u8847-fr.png" crc="477339259" ref="laptop-repair"/>
    <file name="camera2.png" crc="15948623" ref="camera-repair"/>
    <file name="camera2-u9739-fr.png" crc="3969755520" ref="camera-repair"/>
    <file name="barcode-crop-u12239.jpg" crc="3908084123" ref="invoice"/>
    <file name="barcode-crop-u122392.jpg" crc="4262476255" ref="invoice"/>
    <file name="barcode-crop-u122393.jpg" crc="101767478" ref="invoice"/>
    <file name="compress_logo3-u11990-fr.png" crc="3823143382" ref="invoice"/>
  </folder>
  <file name="index.html" crc="484898471" seo="true" mt="1487007965073" redirect="true"/>
  <file name="how-it-work.html" crc="3775553037" seo="true" mt="1487001978518" redirect="true"/>
  <file name="mobile-repair.html" crc="336366574" seo="true" mt="1487001978525" redirect="true"/>
  <file name="tablet-repair.html" crc="264271324" seo="true" mt="1487001978530" redirect="true"/>
  <file name="laptop-repair.html" crc="3947188692" seo="true" mt="1487001978537" redirect="true"/>
  <file name="camera-repair.html" crc="528175289" seo="true" mt="1487001978543" redirect="true"/>
  <file name="estimate.html" crc="3809111967" seo="true" mt="1487001978548" redirect="true"/>
  <file name="invoice.html" crc="489576157" seo="true" mt="1487009131579" redirect="true"/>
  <file name="admin.html" crc="18311319" seo="true" mt="1487007907171" redirect="true"/>
  <file name="template.html" crc="390375336" seo="true" mt="1487002357456" redirect="true"/>
</manifest>